E_request,E_DWA,E_Gen,dE,status,peak_DWA,peak_Gen,r80_DWA,r80_Gen,fall_DWA,fall_Gen,ent_DWA,ent_Gen,fwhm_DWA,fwhm_Gen,pen_DWA,pen_Gen,dPeak,dFall,ratioFWHM
NaN,NaN,NaN,NaN,below Generic energy range,NaN,NaN,NaN,NaN,NaN,NaN,NaN,NaN,NaN,NaN,NaN,NaN,NaN,NaN,NaN
NaN,NaN,NaN,NaN,below Generic energy range,NaN,NaN,NaN,NaN,NaN,NaN,NaN,NaN,NaN,NaN,NaN,NaN,NaN,NaN,NaN
NaN,NaN,NaN,NaN,below Generic energy range,NaN,NaN,NaN,NaN,NaN,NaN,NaN,NaN,NaN,NaN,NaN,NaN,NaN,NaN,NaN
NaN,NaN,NaN,NaN,below Generic energy range,NaN,NaN,NaN,NaN,NaN,NaN,NaN,NaN,NaN,NaN,NaN,NaN,NaN,NaN,NaN
32.02,32.02,31.7289801158557,-0.291019884144323,ok,6,3,6.60001427652145,7.33331880923808,1.80004282956437,5.4223706123967,45.2004666428707,79.3526647266256,12.7683823115507,21.7708544866083,6.33425382584953,10.5422813349295,-3,3.62232778283234,0.586489718141508
35.02,35.02,36.7985653919357,1.77856539193571,ok,9,6,9.60001397769196,10.3582471046628,1.80004193307588,4.91359989768396,34.2563011067321,65.9978321379622,12.5027424684443,21.1608797049696,6.17583352445482,10.2361319570875,-3,3.11355796460808,0.59084228268204
38.02,38.02,36.7985653919357,-1.22143460806429,ok,9,6,9.6699424602123,10.3582471046628,2.0098273806369,4.91359989768396,46.9952540916777,65.9978321379622,12.4458790886077,21.1608797049696,6.14067592790696,10.2361319570875,-3,2.90377251704706,0.588155089114031
41.03,41.03,41.3788233252735,0.348823325273514,ok,12,9,12.6000211008852,13.3460805510325,1.80006330265561,4.57759496886203,30.9351036978861,58.4594324990703,12.5432699677683,20.8095126370025,6.2006020987671,10.0684329828527,-3,2.77753166620642,0.602766157313286
44.03,44.03,45.5978139973966,1.56781399739656,ok,15,12,15.6000229347323,16.3445745302157,1.80006880419689,4.42541994492327,28.7869491211924,53.2911011318816,12.7111027478212,20.6375503231688,6.30085749177856,9.98216140144726,-3,2.62535114072638,0.615921102493986
47.03,47.03,45.5978139973966,-1.43218600260344,ok,15,12,17.6270585162666,16.3445745302157,2.59554048826578,4.42541994492327,42.1606287519881,53.2911011318816,12.871829259102,20.6375503231688,6.39342668783205,9.98216140144726,-3,1.82987945665749,0.623709164001476
50.03,50.03,49.5353520895917,-0.49464791040829,ok,18,15,18.6235613639599,19.3476814892894,1.8706840918797,4.30491730552325,34.3785114687912,49.6131135124027,13.0450002266933,20.4963021250271,6.48956582471305,9.908569317106,-3,2.43423321364355,0.636456281094954
53.03,53.03,53.2452629573935,0.215262957393549,ok,21,21,21.6002489869396,22.3137120005542,1.80074696081876,4.24413872786452,27.4115774054285,46.9873306943489,13.1690837043826,20.3497013663468,6.55626874262795,9.82947560120489,0,2.44339176704576,0.647138917043809
56.03,56.03,56.7659314811344,0.735931481134443,ok,24,24,24.6000520600485,25.2782408940263,1.80015618014536,4.18729578481217,24.3338062787614,45.1069607455379,13.2694906983118,20.3355026771267,6.60896563604254,9.82167205997951,0,2.38713960466681,0.65252828557994
59.04,59.04,60.1258998706064,1.08589987060638,ok,27,27,27.600056572501,28.2564588792045,1.800169717503,4.14538860787459,23.3365134469463,43.0376338248191,13.3594450279121,20.3240277097593,6.65523901896394,9.81534710053572,0,2.34521889037159,0.657322712736568
62.04,62.04,63.3470925974282,1.30709259742821,ok,30,30,30.6000657281145,31.2366073672885,1.80019718434339,4.11444834227412,22.8919917217254,41.232712162264,13.419177230836,20.2858497118634,6.68548757861698,9.79414929375569,0,2.31425115793073,0.66150432057023
65.04,65.04,66.4467946545581,1.4067946545581,ok,33,33,33.600065275325,34.2202847777751,1.80019582597494,4.083887053583,22.6395634824088,39.700007057952,13.4077562663624,20.3200995171054,6.67972289506485,9.81319070527402,0,2.28369122760806,0.659827293418311
68.04,68.04,69.4389268352409,1.39892683524094,ok,36,36,36.600095737374,37.2056034417274,1.80028721212196,4.0601791026859,22.1096732499654,38.2328603493121,13.5219481391734,20.2610763823387,6.73666621350651,9.78029903051317,0,2.25989189056394,0.667385477652129
71.04,71.04,72.3349016552413,1.29490165524126,ok,39,39,39.600135683061,40.2026473113065,1.80040704918314,4.03914841546009,21.4576074221807,37.1329771436555,13.4753429279701,20.261638009645,6.71357451025148,9.78062071819562,0,2.23874136627695,0.665066808594423
74.05,74.05,75.1442173425616,1.09421734256163,ok,42,42,42.60072347107,43.1966093410523,1.80217041320994,4.01230858517807,21.0680009695454,36.0700521481292,13.5553645028568,19.573616095202,6.75306628226451,9.43128015263441,0,2.21013817196813,0.692532459864661
77.05,77.05,77.874881834851,0.824881834850984,ok,45,45,45.6078379284144,46.1884870259429,1.82351378524307,4.01152933472967,21.5080768400267,35.4036750551958,13.5479251434026,19.2978559215482,6.74941221819947,9.34666374426545,0,2.18801554948661,0.702043024804369
80.05,80.05,80.5337228162445,0.48372281624448,ok,48,48,48.6647997818169,49.1889405757635,1.9943993454507,3.98884149060911,23.1617332805302,34.5380217852702,13.5535736074673,18.910229951438,6.7521712124657,9.22297536521836,0,1.99444214515841,0.716732352926076
83.05,83.05,83.1266192000718,0.0766192000717894,ok,51,51,52.0462594660887,52.1953742387979,3.54810279930423,3.97895281011094,25.8074022242538,34.019714281464,13.5304458842622,18.6151214677239,6.74080642132696,9.12483810506021,0,0.430850010806708,0.726852409086998
86.05,86.05,85.6586771390654,-0.391322860934636,ok,57,54,57.6002166197546,55.1892905002246,1.80064985926374,3.97607415182656,28.094987827392,33.3150351117786,13.4796137574791,18.2831496127684,6.71563837430323,9.01006547798807,-3,2.17542429256282,0.737269783542401
89.06,89.06,88.1343660240133,-0.925633975986699,ok,60,57,60.6030817483512,58.1879006356764,1.80924524505348,3.96434805642468,20.9629545878426,32.8442440945421,13.4840890667656,18.0008266803509,6.71785228396816,8.9077301768006,-3,2.1551028113712,0.749081656426611
92.06,92.06,92.9319479716775,0.871947971677542,ok,63,63,63.6672954605698,64.2005052845754,2.00188638170938,3.95408099037365,21.4437638039927,31.8771456931779,13.5279749750688,17.4609943430191,6.739547113893,8.66998852075391,0,1.95219460866427,0.774753986474847
95.06,95.06,95.2604507834139,0.200450783413885,ok,66,66,67.5194124689244,67.2090996309882,3.49030186572324,3.96963867970052,25.2517978398683,31.6770188354297,13.4662835027668,17.2816236608752,6.70896718897068,8.58279882924825,0,0.479336813977284,0.779225596334094
98.06,98.06,97.545927127818,-0.51407287218197,ok,72,69,72.6055377888326,70.2117572936451,1.8166133664979,3.95313594853596,22.2370556442925,31.5105161478859,13.4828718791075,17.103423371557,6.71719880715721,8.49171471200286,-3,2.13652258203805,0.78831422143999
99.65,99.65,99.7908933237313,0.140893323731277,ok,72,72,74.5215061480279,73.239304055704,2.6938541452874,3.97755848511446,25.7919518258348,31.1892081601545,13.4545274343425,16.8893236529167,6.70307298942984,8.37585278097763,0,1.28370433982705,0.796629143406757
102.42,102.42,101.997625708382,-0.422374291618112,ok,78,75,78.6096277918554,76.2309445829006,1.82888337556632,3.97363910349,22.4576665309243,30.8630365030727,13.5224151328872,16.68826471846,6.73674478155183,8.26003465757722,-3,2.14475572792368,0.810294860551267
106.64,106.64,106.304475927699,-0.335524072300913,ok,84,81,84.6149951383943,82.2664157512273,1.84498541518295,3.97830253640241,22.8406371003859,30.5627792734979,13.6339155504698,16.3306431347494,6.7910703246264,8.03504585678031,-3,2.13331712121946,0.834867031137229
110.11,110.11,110.480951944213,0.370951944212635,ok,87,87,89.0950151730076,88.3238978925426,3.07369974105239,3.99304327352242,25.1083223600151,30.6897481147972,13.4943641009854,16.1168576897212,6.7228363699376,7.88739684803005,0,0.919343532470023,0.837282574604584
115.16,115.16,114.539232183224,-0.620767816776223,ok,96,93,96.7024966125881,94.349704956466,2.10748983776426,3.98034618205236,22.1830540352905,30.6278809200314,13.5552477738125,15.8466540118604,6.7527924450704,7.68463333367657,-3,1.8728563442881,0.855401257809195
118.76,118.76,118.489681819749,-0.270318180251039,ok,102,99,102.659931158005,100.404028150339,1.97979347401368,4.01917197796999,23.3499057889119,30.8777913175015,13.6684272283711,15.6720017538687,6.80756380151355,7.61724426877504,-3,2.03937850395631,0.872155800071743
122.54,122.54,122.341211835641,-0.198788164359357,ok,108,105,108.670015863243,106.476238347819,2.01004758972954,3.99207592873438,24.040761029589,30.9266133711921,13.7130295038649,15.453003126762,6.82879272121503,7.54014387013407,-3,1.98202833900484,0.887402234463816
127.46,127.46,127.949669229959,0.489669229959091,ok,114,114,116.806812400349,115.573557118749,2.50762464549423,4.00911346127444,26.3995919509509,31.6250673633667,13.6331688789214,15.2429878138258,6.79056204957248,7.46412020409144,0,1.50148881578021,0.89438954130474
131.59,131.59,131.585633914898,-0.0043660851021059,ok,123,120,123.690554127648,121.678543841625,2.07166238294487,3.97988345798585,26.2792923202151,32.5347934192723,13.8850867748854,15.1966756752367,6.90904294048361,7.44704807730897,-3,1.90822107504098,0.913692380598171
136.15,136.15,136.899084063519,0.749084063519177,ok,129,129,130.708849195781,130.78284464439,3.4524516441399,3.97193271233826,26.4942297834201,33.4134218670867,13.9305839770658,15.0499982654145,6.92987048342167,7.3923384755761,0,0.51948106819836,0.925620304493912
140.72,140.72,140.354772994893,-0.365227005107329,ok,138,135,138.89360170859,136.899052483102,3.30079290974516,3.94379902910654,26.6476865615516,34.8137877744938,14.0370954724171,15.1037252701132,6.97789176890941,7.41254428593238,-3,0.643006119361388,0.929379687552531
144.9,144.9,145.418922877651,0.518922877651022,ok,144,144,146.978238288807,146.055984833966,2.5171571106651,3.86688098279683,29.0413360687047,36.3764760531907,14.1396964071881,15.0803621840253,7.02325197257121,7.40381412619229,0,1.34972387213173,0.937623130972699
149.16,149.16,148.720820919534,-0.439179080465948,ok,153,150,154.038221061924,152.098680072918,3.60367351106791,3.90938332200383,28.7723359463763,37.2624142390364,14.3059432801037,15.0505237208352,7.094968647603,7.39260398556013,-3,0.305709810935923,0.950527938127449
153.14,153.14,153.57052410468,0.43052410467962,ok,159,159,162.08433681081,161.273128137506,2.57550751868399,4.01005549341016,30.9879627708827,39.4196454395681,14.4564461762653,15.1303542280136,7.15810986178254,7.42255464766781,0,1.43454797472617,0.955459862895969
158.19,158.19,158.305055042176,0.115055042176238,ok,168,168,171.642191903051,170.374216085187,2.81809816883526,4.11875883403968,33.786242271097,41.6629853184519,14.5703598996703,15.2032792563002,7.20484730180392,7.44962400627642,0,1.30066066520442,0.95836955001878
163.12,163.12,162.93297211188,-0.187027888119644,ok,180,177,180.939101195487,179.44627018251,3.47714102210756,4.18566168597499,35.1546778721942,43.9866184830566,14.8816426852102,15.322979389796,7.3281934034614,7.4934427336842,-3,0.708520663867432,0.971197722495162
167.89,167.89,167.461807356362,-0.428192643637516,ok,189,186,190.109522241185,188.537585146912,3.7478749267749,4.21410736451597,35.9857391320184,46.9828565276699,15.1142128574588,15.5723947258931,7.41659054857719,7.58252606892958,-3,0.46623243774107,0.970577301917965
172,172,171.898232004979,-0.101767995020651,ok,195,195,198.677543992408,197.579857932021,3.50904614007251,4.34281869264083,38.6242826536924,49.7776597234149,15.195790341532,15.732200343186,7.44690989699972,7.63815097606131,0,0.83377255256832,0.965903688616178
176.32,176.32,176.248189068398,-0.0718109316019024,ok,204,204,207.452771690536,206.553234665208,3.58075322228194,4.428404545738,39.9343289016767,52.7427653606859,15.4217619995744,15.9147264693284,7.52910426772322,7.73758838820953,0,0.847651323456063,0.969024634466441
181.01,181.01,180.517000688911,-0.492999311088766,ok,216,213,217.120475753131,215.636240353943,3.83233151770884,4.46410909539685,43.5247149272779,56.4001355467466,15.8359938019054,16.1843966681066,7.68314393304802,7.93519997460198,-3,0.631777577688013,0.978472916022394
NaN,NaN,NaN,NaN,Bragg peak beyond water block,NaN,NaN,NaN,NaN,NaN,NaN,NaN,NaN,NaN,NaN,NaN,NaN,NaN,NaN,NaN
NaN,NaN,NaN,NaN,Bragg peak beyond water block,NaN,NaN,NaN,NaN,NaN,NaN,NaN,NaN,NaN,NaN,NaN,NaN,NaN,NaN,NaN
NaN,NaN,NaN,NaN,Bragg peak beyond water block,NaN,NaN,NaN,NaN,NaN,NaN,NaN,NaN,NaN,NaN,NaN,NaN,NaN,NaN,NaN
NaN,NaN,NaN,NaN,Bragg peak beyond water block,NaN,NaN,NaN,NaN,NaN,NaN,NaN,NaN,NaN,NaN,NaN,NaN,NaN,NaN,NaN
NaN,NaN,NaN,NaN,Bragg peak beyond water block,NaN,NaN,NaN,NaN,NaN,NaN,NaN,NaN,NaN,NaN,NaN,NaN,NaN,NaN,NaN
NaN,NaN,NaN,NaN,Bragg peak beyond water block,NaN,NaN,NaN,NaN,NaN,NaN,NaN,NaN,NaN,NaN,NaN,NaN,NaN,NaN,NaN
NaN,NaN,NaN,NaN,Bragg peak beyond water block,NaN,NaN,NaN,NaN,NaN,NaN,NaN,NaN,NaN,NaN,NaN,NaN,NaN,NaN,NaN
NaN,NaN,NaN,NaN,Bragg peak beyond water block,NaN,NaN,NaN,NaN,NaN,NaN,NaN,NaN,NaN,NaN,NaN,NaN,NaN,NaN,NaN
NaN,NaN,NaN,NaN,Bragg peak beyond water block,NaN,NaN,NaN,NaN,NaN,NaN,NaN,NaN,NaN,NaN,NaN,NaN,NaN,NaN,NaN
NaN,NaN,NaN,NaN,Bragg peak beyond water block,NaN,NaN,NaN,NaN,NaN,NaN,NaN,NaN,NaN,NaN,NaN,NaN,NaN,NaN,NaN
NaN,NaN,NaN,NaN,Bragg peak beyond water block,NaN,NaN,NaN,NaN,NaN,NaN,NaN,NaN,NaN,NaN,NaN,NaN,NaN,NaN,NaN
