E_DWA,E_Gen,fall_DWA_coarse,fall_Gen_coarse,fall_DWA_fine,fall_Gen_fine,span_DWA_fine,span_Gen_fine,gridLimited
32.02,31.7289801158557,NaN,NaN,1.19997813437646,5.18457213748567,1.19997813437646,5.18457213748567,1
35.02,36.7985653919357,NaN,NaN,0.715759701962796,4.78382405554527,0.715759701962796,4.78382405554527,1
38.02,36.7985653919357,NaN,NaN,0.647047957186187,4.78382405554527,0.647047957186187,4.78382405554527,1
41.03,41.3788233252735,NaN,NaN,0.662513944586125,4.51634612472739,0.662513944586125,4.51634612472739,1
44.03,45.5978139973966,NaN,NaN,0.841882107610626,4.31417829616196,0.841882107610626,4.31417829616196,1
47.03,45.5978139973966,NaN,NaN,1.20032418929743,4.31417829616196,1.20032418929743,4.31417829616196,1
50.03,49.5353520895917,NaN,NaN,0.748261574609479,4.17184220129065,0.748261574609479,4.17184220129065,1
53.03,53.2452629573935,NaN,NaN,1.12187294745164,4.05377092710842,1.12187294745164,4.05377092710842,1
56.03,56.7659314811344,NaN,NaN,0.762046533094484,3.94699124678018,0.762046533094484,3.94699124678018,1
59.04,60.1258998706064,NaN,NaN,1.15840711045195,3.87630316025719,1.15840711045195,3.87630316025719,1
62.04,63.3470925974282,NaN,NaN,1.20863418485828,3.77827728504136,1.20863418485828,3.77827728504136,1
65.04,66.4467946545581,NaN,NaN,1.19372668660568,3.73169780343573,1.19372668660568,3.73169780343573,1
68.04,69.4389268352409,NaN,NaN,1.21505744128086,3.69602015523144,1.21505744128086,3.69602015523144,1
71.04,72.3349016552413,NaN,NaN,1.23349131191742,3.63989444280461,1.23349131191742,3.63989444280461,1
74.05,75.1442173425616,NaN,NaN,1.11170394271352,3.61887311936436,1.11170394271352,3.61887311936436,1
77.05,77.874881834851,NaN,NaN,1.17557642233079,3.57933146029357,1.17557642233079,3.57933146029357,1
80.05,80.5337228162445,NaN,NaN,1.27095036475131,3.54868327203308,1.27095036475131,3.54868327203308,1
83.05,83.1266192000718,NaN,NaN,1.25982110751146,3.54087768849271,1.25982110751146,3.54087768849271,1
86.05,85.6586771390654,NaN,NaN,1.23519657217093,3.47239317666655,1.23519657217093,3.47239317666655,1
89.06,88.1343660240133,NaN,NaN,1.33147464423543,3.47096955633709,1.33147464423543,3.47096955633709,1
92.06,92.9319479716775,NaN,NaN,1.35487886712637,3.44791029331631,1.35487886712637,3.44791029331631,1
95.06,95.2604507834139,NaN,NaN,1.40826708053264,3.45881460743189,1.40826708053264,3.45881460743189,1
98.06,97.545927127818,NaN,NaN,1.43860428541561,3.38751695979471,1.43860428541561,3.38751695979471,1
99.65,99.7908933237313,NaN,NaN,1.41309537868396,3.39504134159223,1.41309537868396,3.39504134159223,1
102.42,101.997625708382,NaN,NaN,1.48858664914748,3.41506151506208,1.48858664914748,3.41506151506208,1
106.64,106.304475927699,NaN,NaN,1.5481832511343,3.36268279562243,1.5481832511343,3.36268279562243,1
110.11,110.480951944213,NaN,NaN,1.64294969183142,3.35928846609352,1.64294969183142,3.35928846609352,1
115.16,114.539232183224,NaN,NaN,1.70848604819666,3.27298717961411,1.70848604819666,3.27298717961411,1
118.76,118.489681819749,NaN,NaN,1.85004669176044,3.36231255804951,1.85004669176044,3.36231255804951,1
122.54,122.341211835641,NaN,NaN,1.93126770943516,3.35067412855933,1.93126770943516,3.35067412855933,1
127.46,127.949669229959,NaN,NaN,2.02718311509878,3.39334430302524,2.02718311509878,3.39334430302524,0
131.59,131.585633914898,NaN,NaN,2.13204950049271,3.40459906156609,2.13204950049271,3.40459906156609,0
136.15,136.899084063519,NaN,NaN,2.2139102999065,3.44091893805916,2.2139102999065,3.44091893805916,0
140.72,140.354772994893,NaN,NaN,2.29985882885865,3.49212543294894,2.29985882885865,3.49212543294894,0
144.9,145.418922877651,NaN,NaN,2.36948745546943,3.47013195901349,2.36948745546943,3.47013195901349,0
149.16,148.720820919534,NaN,NaN,2.45164427657903,3.53568157233778,2.45164427657903,3.53568157233778,0
153.14,153.57052410468,NaN,NaN,2.5852000095457,3.59524098726845,2.5852000095457,3.59524098726845,0
158.19,158.305055042176,NaN,NaN,2.68387704062206,3.68650464228659,2.68387704062206,3.68650464228659,0
163.12,162.93297211188,NaN,NaN,2.78763158127467,3.73081805545499,2.78763158127467,3.73081805545499,0
167.89,167.461807356362,NaN,NaN,2.97067548219741,3.76280389805953,2.97067548219741,3.76280389805953,0
172,171.898232004979,NaN,NaN,3.07514592751335,3.8679145729229,3.07514592751335,3.8679145729229,0
176.32,176.248189068398,NaN,NaN,3.22655070574032,3.93670991209856,3.22655070574032,3.93670991209856,0
181.01,180.517000688911,NaN,NaN,3.32416006895849,3.98169648257891,3.32416006895849,3.98169648257891,0
